{
    "swagger": "2.0",
    "info": {
        "description": "Blabber-Hive 문서",
        "title": "Blabber-Hive API",
        "termsOfService": "http://swagger.io/terms/",
        "contact": {
            "name": "임건혁",
            "url": "http://www.swagger.io/support",
            "email": "athanasia9410@gmail.com"
        },
        "license": {
            "name": "Apache 2.0",
            "url": "http://www.apache.org/licenses/LICENSE-2.0.html"
        },
        "version": "1.0"
    },
    "host": "localhost:8080",
    "basePath": "/api",
    "paths": {},
    "securityDefinitions": {
        "BasicAuth": {
            "type": "basic"
        }
    },
    "externalDocs": {
        "description": "OpenAPI",
        "url": "https://swagger.io/resources/open-api/"
    }
}